{"cameraMode":{"drawMode":0,"name":"Shaded","section":"Shading Mode"},"sceneLighting":true,"audioPlay":false,"sceneViewState":{"showFog":true,"showMaterialUpdate":true,"showSkybox":true,"showFlares":true,"showImageEffects":true,"showParticleSystems":true},"in2DMode":false,"pivot":{"x":-0.1670553982257843,"y":-0.41815030574798586,"z":-1.4695687294006348},"rotation":{"x":-0.010994313284754753,"y":-0.9266690015792847,"z":0.37490877509117129,"w":-0.02567371539771557},"size":1.3533618450164796,"orthographic":false}