{"cameraMode":{"drawMode":0,"name":"Shaded","section":"Shading Mode"},"sceneLighting":false,"audioPlay":false,"sceneViewState":{"showFog":true,"showMaterialUpdate":true,"showSkybox":false,"showFlares":true,"showImageEffects":true,"showParticleSystems":true},"in2DMode":false,"pivot":{"x":0.05385035276412964,"y":-0.0414857491850853,"z":-0.11865061521530152},"rotation":{"x":-0.004572313278913498,"y":0.9943174719810486,"z":-0.09022644907236099,"w":-0.056771229952573779},"size":0.3593457341194153,"orthographic":false}