{"cameraMode":{"drawMode":0,"name":"Shaded","section":"Shading Mode"},"sceneLighting":false,"audioPlay":false,"sceneViewState":{"showFog":true,"showMaterialUpdate":true,"showSkybox":false,"showFlares":true,"showImageEffects":true,"showParticleSystems":true},"in2DMode":false,"pivot":{"x":0.5913518667221069,"y":0.08095893263816834,"z":0.2605632543563843},"rotation":{"x":-0.06441424787044525,"y":-0.677763044834137,"z":0.05900442600250244,"w":-0.7301071286201477},"size":0.9266785979270935,"orthographic":false}