{"cameraMode":{"drawMode":0,"name":"Shaded","section":"Shading Mode"},"sceneLighting":false,"audioPlay":false,"sceneViewState":{"showFog":true,"showMaterialUpdate":true,"showSkybox":false,"showFlares":true,"showImageEffects":true,"showParticleSystems":true},"in2DMode":false,"pivot":{"x":-0.031285643577575687,"y":2.734107732772827,"z":-0.016144514083862306},"rotation":{"x":-0.21667733788490296,"y":0.0922795757651329,"z":-0.02116451784968376,"w":-0.9716560244560242},"size":6.08791446685791,"orthographic":false}