{"cameraMode":{"drawMode":0,"name":"Shaded","section":"Shading Mode"},"sceneLighting":true,"audioPlay":false,"sceneViewState":{"showFog":true,"showMaterialUpdate":true,"showSkybox":false,"showFlares":true,"showImageEffects":true,"showParticleSystems":true},"in2DMode":false,"pivot":{"x":441.0,"y":179.27894592285157,"z":1.0226445198059083},"rotation":{"x":0.0256867203861475,"y":-0.9168340563774109,"z":0.061246782541275027,"w":0.3937077522277832},"size":481.99090576171877,"orthographic":false}