{"cameraMode":{"drawMode":0,"name":"Shaded","section":"Shading Mode"},"sceneLighting":false,"audioPlay":false,"sceneViewState":{"showFog":true,"showMaterialUpdate":true,"showSkybox":false,"showFlares":true,"showImageEffects":true,"showParticleSystems":true},"in2DMode":false,"pivot":{"x":0.0,"y":0.7182040214538574,"z":0.020652294158935548},"rotation":{"x":0.14001479744911195,"y":-0.17947258055210114,"z":0.026386789977550508,"w":0.9734116792678833},"size":0.8027527332305908,"orthographic":false}