{"cameraMode":{"drawMode":0,"name":"Shaded","section":"Shading Mode"},"sceneLighting":false,"audioPlay":false,"sceneViewState":{"showFog":true,"showMaterialUpdate":true,"showSkybox":false,"showFlares":true,"showImageEffects":true,"showParticleSystems":true},"in2DMode":false,"pivot":{"x":-0.16550956666469575,"y":0.10353448241949082,"z":-0.03940562903881073},"rotation":{"x":0.05116129666566849,"y":0.11539836972951889,"z":-0.005377612076699734,"w":0.9920141696929932},"size":0.09910722076892853,"orthographic":false}